[{"model": "admin.logentry", "pk": 11, "fields": {"action_time": "2021-10-31T23:57:23.844Z", "user": 4, "content_type": 18, "object_id": "1", "object_repr": "Shakira", "action_flag": 1, "change_message": "[{\"added\": {}}]"}}, {"model": "admin.logentry", "pk": 12, "fields": {"action_time": "2021-10-31T23:57:53.043Z", "user": 4, "content_type": 20, "object_id": "1", "object_repr": "Theme", "action_flag": 1, "change_message": "[{\"added\": {}}]"}}, {"model": "admin.logentry", "pk": 13, "fields": {"action_time": "2021-10-31T23:59:26.346Z", "user": 4, "content_type": 4, "object_id": "1", "object_repr": "fancy", "action_flag": 3, "change_message": ""}}, {"model": "admin.logentry", "pk": 14, "fields": {"action_time": "2021-10-31T23:59:26.379Z", "user": 4, "content_type": 4, "object_id": "3", "object_repr": "fancyday", "action_flag": 3, "change_message": ""}}, {"model": "admin.logentry", "pk": 15, "fields": {"action_time": "2021-10-31T23:59:26.409Z", "user": 4, "content_type": 4, "object_id": "2", "object_repr": "tester", "action_flag": 3, "change_message": ""}}, {"model": "admin.logentry", "pk": 16, "fields": {"action_time": "2021-11-01T00:16:26.626Z", "user": 4, "content_type": 18, "object_id": "2", "object_repr": "A children's party is fun together with a ball pit..", "action_flag": 1, "change_message": "[{\"added\": {}}]"}}, {"model": "admin.logentry", "pk": 17, "fields": {"action_time": "2021-11-01T00:19:53.076Z", "user": 4, "content_type": 20, "object_id": "2", "object_repr": "A children's party is fun together with a ball pit", "action_flag": 1, "change_message": "[{\"added\": {}}]"}}, {"model": "admin.logentry", "pk": 18, "fields": {"action_time": "2021-11-01T00:50:04.447Z", "user": 4, "content_type": 20, "object_id": "1", "object_repr": "A special Dinner party?A special dinner? Choose Fancy Day Design", "action_flag": 2, "change_message": "[{\"changed\": {\"fields\": [\"Title\"]}}]"}}, {"model": "admin.logentry", "pk": 19, "fields": {"action_time": "2021-11-01T00:50:43.429Z", "user": 4, "content_type": 20, "object_id": "1", "object_repr": "A special dinner party? Choose Fancy Day Design", "action_flag": 2, "change_message": "[{\"changed\": {\"fields\": [\"Title\"]}}]"}}, {"model": "admin.logentry", "pk": 20, "fields": {"action_time": "2021-11-01T19:43:51.845Z", "user": 4, "content_type": 20, "object_id": "3", "object_repr": "Wedding decoration", "action_flag": 3, "change_message": ""}}, {"model": "admin.logentry", "pk": 21, "fields": {"action_time": "2021-11-02T21:13:57.558Z", "user": 4, "content_type": 8, "object_id": "3", "object_repr": "jo.gwen@gmail.com", "action_flag": 2, "change_message": "[]"}}, {"model": "auth.user", "pk": 4, "fields": {"password": "pbkdf2_sha256$260000$dT0C3UpFsrcsuVaofR1Vme$DJ3OKtHYS6d14KuwM6nquL8vApIxvkPW1fdEXa/bvAA=", "last_login": "2021-11-02T21:04:59.624Z", "is_superuser": true, "username": "fancyday2021", "first_name": "", "last_name": "", "email": "jo.gwen@gmail.com", "is_staff": true, "is_active": true, "date_joined": "2021-10-31T23:53:55.135Z", "groups": [], "user_permissions": []}}, {"model": "auth.user", "pk": 5, "fields": {"password": "pbkdf2_sha256$260000$enFqIMHAVLYfyLPci32vSk$4A8Oj/UuyY/KoTrocGlwYXNMnRdKq4h18mGZxKoSMVE=", "last_login": null, "is_superuser": true, "username": "fancy", "first_name": "", "last_name": "", "email": "jo.gwen@hotmail.com", "is_staff": true, "is_active": true, "date_joined": "2021-11-02T14:47:59.298Z", "groups": [], "user_permissions": []}}, {"model": "sessions.session", "pk": "8o9lsyimf93xwdmmegf28xaz1a7137w0", "fields": {"session_data": ".eJxVjDEOgzAQBP9yNbKwIbaPMj1vQGffGUgikDBUiL8HJBqaLWZnd4dAPTQ7GGhMAfpMcxTQ0bYO3ZZl6UaG5uQPFih-ZboK_tDUzyrO07qMQV2Kutus2pnl977dx8FAeTjX3lMkrpz2KWFN9cthjYYrLQYNInMpOkog75m9tS5VFGxM1kkpgZHh-AN2Lj2l:1mX5HX:tuqi_6BY5xdxoLk8YemJtUx0gWdRjns6gXpQriYcTXk", "expire_date": "2021-10-17T17:28:11.112Z"}}, {"model": "sessions.session", "pk": "bcqmie1lilc81do8ry86xrk89qrod9r5", "fields": {"session_data": "e30:1mgknA:8kX12UvtLl9VuAOqgU5spT9NQDnzjgUAcFQwOD3yVqE", "expire_date": "2021-11-13T09:36:48.326Z"}}, {"model": "sessions.session", "pk": "bgwy65wj8wlehpm30f52au93qcuk6ln1", "fields": {"session_data": "e30:1mi1RU:L-69SJWC5xSDBW32bkBIVqqVPycfkxuOajqupXeIFQU", "expire_date": "2021-11-16T21:35:40.822Z"}}, {"model": "sessions.session", "pk": "bz1oj8hnd28dbmnygarhslris550g83k", "fields": {"session_data": ".eJxVjEEOwiAQRe_C2pDSVmC6dO8ZyMAMFjVgSptojHfXmi50-9_77ykcLvPolsqTSyQGocTud_MYLpxXQGfMpyJDyfOUvFwVudEqj4X4etjcv8CIdfy8rcWA1BllY4Qe-72BHlrqFLfQAhA1rAJ7tJbIam1ih16HqA037Am-0cq1ppId329peoiheb0Bpks_9Q:1mPQYx:J0lWMxouVS5WkEb0vKxEbup-mHjwKUhtlmBk0yDQzyE", "expire_date": "2021-09-26T14:34:31.436Z"}}, {"model": "sessions.session", "pk": "cwzxicm2uuewyombbdxi5tu55t9r8ogu", "fields": {"session_data": "eyJzYXZlX2luZm8iOmZhbHNlfQ:1mhKYz:bXfrz1qi5SC8ZS1R26ynbp2kRCropTJaaYaltzlJBqI", "expire_date": "2021-11-14T23:48:33.962Z"}}, {"model": "sessions.session", "pk": "g1sp5civjeiqj2ck0wpte1usfamn2nms", "fields": {"session_data": "eyJiYWciOnsiMSI6MSwiNDUiOjJ9LCJzYXZlX2luZm8iOmZhbHNlfQ:1mgkmu:9tF-AIYhmc9FzCEyCCCklf9Iv0Vef9XGYOutjZbcCbU", "expire_date": "2021-11-13T09:36:32.683Z"}}, {"model": "sessions.session", "pk": "gld4f9neqpx0umkh9ptgfpc27pk4gqn0", "fields": {"session_data": "eyJiYWciOnsiMTMiOjJ9fQ:1mWIUY:hHz_AjrvlXQvIgo5v5h3xn5zI5YattmWZa4YgRdv6G4", "expire_date": "2021-10-15T13:22:22.018Z"}}, {"model": "sessions.session", "pk": "j31rn24w3s7c8e4jofjqq205ww3lbcy5", "fields": {"session_data": ".eJxVjEEOwiAQRe_C2pACFRiX7nsGMjCDVA0kpV0Z765NutDtf-_9lwi4rSVsnZcwk7gIJU6_W8T04LoDumO9NZlaXZc5yl2RB-1yasTP6-H-HRTs5Vt7jwnJOOVzhhHHs4MRNBnFGjQA0cAqcUTviby1LhuMNmXreOBIQOL9Ae2VOLg:1mRES7:UFzE9P9YZiDiFf3Iq-XkAQOPBC8U73jBm18RHYQjbhg", "expire_date": "2021-10-01T14:02:55.675Z"}}, {"model": "sessions.session", "pk": "kbdmkmp4hndojv6at27uznx1hml3jv51", "fields": {"session_data": ".eJxVjMsOwiAQRf-FtSGUAftYuvcbyACDRQ0YoEZj_Hdt0k2395x7PsxUqjXmZOj1iOXNJnFgBpc2m6VSMdGziSm22yy6G6UV-CumS-Yup1ai5avCN1r5OXu6nzZ3F5ixzut7kGrsOkDhaAhAILR3HgB0TwqEVHS0AXshhQowdlJaPfhee5RKIcnwj1Z8kokpZDa1stD3B1D-RL4:1mhW7m:mKGj_HIiJR7bNzU0Yy0W0Ky1WK_2Bh6C7wQtnVbgWdU", "expire_date": "2021-11-15T12:09:14.143Z"}}, {"model": "sessions.session", "pk": "ln9ydj64wxc20futmg8qx6qxo0noiype", "fields": {"session_data": ".eJxVjEEOwiAQRe_C2pDSVmC6dN8zkIEZBDWQlNaN8e7apAvd_vf-ewmH25rc1nhxmcQklDj9bh7DncsO6IblWmWoZV2yl7siD9rkXIkfl8P9CyRs6fu2FgPSYJSNEUYczwZG6GlQ3EMPQNSxCuzRWiKrtYkDeh2iNtyxJ9ijDZ_scolVTOuy8fsD5Fo-3A:1majRZ:Fq51V8ifcIilAZb7KpqWiOi6MfL6_EsaWZSRvo3_Sgo", "expire_date": "2021-10-27T18:57:37.428Z"}}, {"model": "sessions.session", "pk": "qljyz22jwg4yz2hrd12v2ohjhicih1rs", "fields": {"session_data": "eyJiYWciOnsiNDEiOjN9fQ:1mXTKN:O0W8Jmb68rOzBwso0wEN7r0PAkTzkV-Z2k1ip0hgnTw", "expire_date": "2021-10-18T19:08:43.026Z"}}, {"model": "sessions.session", "pk": "zsst1hhsmwwuii58g58pdp0nys9daqaf", "fields": {"session_data": "eyJiYWciOnsiNDEiOjF9fQ:1mXTTf:SDa-3BH5USxVTwbOoQX_oEZX2jcvYCiGIhAJawWYJ-A", "expire_date": "2021-10-18T19:18:19.947Z"}}, {"model": "sites.site", "pk": 1, "fields": {"domain": "fancydaydesign.example.com", "name": "Fancy Day Design"}}, {"model": "account.emailaddress", "pk": 3, "fields": {"user": 4, "email": "jo.gwen@gmail.com", "verified": true, "primary": true}}, {"model": "products.category", "pk": 1, "fields": {"name": "balloons_0-9", "friendly_name": "Balloons 0-9"}}, {"model": "products.category", "pk": 2, "fields": {"name": "balloons_a-z", "friendly_name": "Balloons A-Z"}}, {"model": "products.category", "pk": 3, "fields": {"name": "custom_made_balloons", "friendly_name": "Custom made balloons"}}, {"model": "products.category", "pk": 4, "fields": {"name": "more_balloons", "friendly_name": "More balloons"}}, {"model": "products.product", "pk": 1, "fields": {"category": 1, "sku": "fd000000001", "name": "Balloon number 1", "description": "The number 1 balloon is 40-45 centimeters long. You can hang the balloons on the specially made holes that you can find on the top and bottom. Note: The balloons can be filled with helium.", "price": "2.25", "rating": "4.60", "image_url": null, "image": "balloon_1.jpg"}}, {"model": "products.product", "pk": 2, "fields": {"category": 1, "sku": "fd000000002", "name": "Balloon number 2", "description": "The number 2 balloon is 40-45 centimeters long. You can hang the balloons on the specially made holes that you can find on the top and bottom. Note: The balloons can be filled with helium.", "price": "2.25", "rating": "4.60", "image_url": null, "image": "balloon_2.jpg"}}, {"model": "products.product", "pk": 3, "fields": {"category": 1, "sku": "fd000000003", "name": "Balloon number 3", "description": "The number 3 balloon is 40-45 centimeters long. You can hang the balloons on the specially made holes that you can find on the top and bottom. Note: The balloons can be filled with helium.", "price": "2.25", "rating": "4.80", "image_url": null, "image": "balloon_3.jpg"}}, {"model": "products.product", "pk": 4, "fields": {"category": 1, "sku": "fd000000004", "name": "Balloon number 4", "description": "The number 4 balloon is 40-45 centimeters long. You can hang the balloons on the specially made holes that you can find on the top and bottom. Note: The balloons can be filled with helium.", "price": "2.25", "rating": "4.30", "image_url": null, "image": "balloon_4.jpg"}}, {"model": "products.product", "pk": 5, "fields": {"category": 1, "sku": "fd000000005", "name": "Balloon number 5", "description": "The number 5 balloon is 40-45 centimeters long. You can hang the balloons on the specially made holes that you can find on the top and bottom. Note: The balloons can be filled with helium.", "price": "2.25", "rating": "4.60", "image_url": null, "image": "balloon_5.jpg"}}, {"model": "products.product", "pk": 6, "fields": {"category": 1, "sku": "fd000000006", "name": "Balloon number 6", "description": "The number 6 balloon is 40-45 centimeters long. You can hang the balloons on the specially made holes that you can find on the top and bottom. Note: The balloons can be filled with helium.", "price": "2.25", "rating": "4.80", "image_url": null, "image": "balloon_6.jpg"}}, {"model": "products.product", "pk": 7, "fields": {"category": 1, "sku": "fd000000007", "name": "Balloon number 7", "description": "The number 7 balloon is 40-45 centimeters long. You can hang the balloons on the specially made holes that you can find on the top and bottom. Note: The balloons can be filled with helium.", "price": "2.25", "rating": "5.00", "image_url": null, "image": "balloon_7.jpg"}}, {"model": "products.product", "pk": 8, "fields": {"category": 1, "sku": "fd000000008", "name": "Balloon number 8", "description": "The number 8 balloon is 40-45 centimeters long. You can hang the balloons on the specially made holes that you can find on the top and bottom. Note: The balloons can be filled with helium.", "price": "2.25", "rating": "4.40", "image_url": null, "image": "balloon_8.jpg"}}, {"model": "products.product", "pk": 9, "fields": {"category": 1, "sku": "fd000000009", "name": "Balloon number 9", "description": "The number 9 balloon is 40-45 centimeters long. You can hang the balloons on the specially made holes that you can find on the top and bottom. Note: The balloons can be filled with helium.", "price": "2.25", "rating": "4.30", "image_url": null, "image": "balloon_9.jpg"}}, {"model": "products.product", "pk": 10, "fields": {"category": 1, "sku": "fd000000010", "name": "Balloon number 0", "description": "The number 0 balloon is 40-45 centimeters long. You can hang the balloons on the specially made holes that you can find on the top and bottom. Note: The balloons can be filled with helium.", "price": "2.25", "rating": "4.60", "image_url": null, "image": "balloon_0.jpg"}}, {"model": "products.product", "pk": 11, "fields": {"category": 1, "sku": "fd000000011", "name": "All numbers", "description": "The balloons are also available in the whole range of numbers from 0-9. The balloons are 40-45 centimeters long. You can hang the balloons on the specially made holes that you can find on the top and bottom. Note: The balloons can be filled with helium.", "price": "9.95", "rating": "4.60", "image_url": null, "image": "balloon_numbers.jpg"}}, {"model": "products.product", "pk": 12, "fields": {"category": 2, "sku": "fd000000012", "name": "Balloon letter A", "description": "The balloon letter A is 40-45 centimeters long. You can hang the balloons on the specially made holes that you can find on the top and bottom. Note: The balloons can be filled with helium.", "price": "1.95", "rating": "4.60", "image_url": null, "image": "balloon_a.jpg"}}, {"model": "products.product", "pk": 13, "fields": {"category": 2, "sku": "fd000000013", "name": "Balloon letter B", "description": "The balloon letter A is 40-45 centimeters long. You can hang the balloons on the specially made holes that you can find on the top and bottom. Note: The balloons can be filled with helium.", "price": "1.95", "rating": "4.50", "image_url": null, "image": "balloon_b.jpg"}}, {"model": "products.product", "pk": 14, "fields": {"category": 2, "sku": "fd000000014", "name": "Balloon letter C", "description": "The balloon letter C is 40-45 centimeters long. You can hang the balloons on the specially made holes that you can find on the top and bottom. Note: The balloons can be filled with helium.", "price": "1.95", "rating": "4.60", "image_url": null, "image": "balloon_c.jpg"}}, {"model": "products.product", "pk": 15, "fields": {"category": 2, "sku": "fd000000015", "name": "Balloon letter D", "description": "The balloon letter D is 40-45 centimeters long. You can hang the balloons on the specially made holes that you can find on the top and bottom. Note: The balloons can be filled with helium.", "price": "1.95", "rating": "4.60", "image_url": null, "image": "balloon_d.jpg"}}, {"model": "products.product", "pk": 16, "fields": {"category": 2, "sku": "fd000000016", "name": "Balloon letter E", "description": "The balloon letter E is 40-45 centimeters long. You can hang the balloons on the specially made holes that you can find on the top and bottom. Note: The balloons can be filled with helium.", "price": "1.95", "rating": "4.60", "image_url": null, "image": "balloon_e.jpg"}}, {"model": "products.product", "pk": 17, "fields": {"category": 2, "sku": "fd000000017", "name": "Balloon letter F", "description": "The balloon letter F is 40-45 centimeters long. You can hang the balloons on the specially made holes that you can find on the top and bottom. Note: The balloons can be filled with helium.", "price": "1.95", "rating": "4.80", "image_url": null, "image": "balloon_f.jpg"}}, {"model": "products.product", "pk": 18, "fields": {"category": 2, "sku": "fd000000018", "name": "Balloon letter G", "description": "The balloon letter G is 40-45 centimeters long. You can hang the balloons on the specially made holes that you can find on the top and bottom. Note: The balloons can be filled with helium.", "price": "1.95", "rating": "4.50", "image_url": null, "image": "balloon_g.jpg"}}, {"model": "products.product", "pk": 19, "fields": {"category": 2, "sku": "fd000000019", "name": "Balloon letter H", "description": "The balloon letter H is 40-45 centimeters long. You can hang the balloons on the specially made holes that you can find on the top and bottom. Note: The balloons can be filled with helium.", "price": "1.95", "rating": "4.30", "image_url": null, "image": "balloon_h.jpg"}}, {"model": "products.product", "pk": 20, "fields": {"category": 2, "sku": "fd000000020", "name": "Balloon letter I", "description": "The balloon letter I is 40-45 centimeters long. You can hang the balloons on the specially made holes that you can find on the top and bottom. Note: The balloons can be filled with helium.", "price": "1.95", "rating": "4.60", "image_url": null, "image": "balloon_i.jpg"}}, {"model": "products.product", "pk": 21, "fields": {"category": 2, "sku": "fd000000022", "name": "Balloon letter J", "description": "The balloon letter J is 40-45 centimeters long. You can hang the balloons on the specially made holes that you can find on the top and bottom. Note: The balloons can be filled with helium.", "price": "1.95", "rating": "4.60", "image_url": null, "image": "balloon_j.jpg"}}, {"model": "products.product", "pk": 23, "fields": {"category": 2, "sku": "fd000000023", "name": "Balloon letter K", "description": "The balloon letter K is 40-45 centimeters long. You can hang the balloons on the specially made holes that you can find on the top and bottom. Note: The balloons can be filled with helium.", "price": "1.95", "rating": "4.70", "image_url": null, "image": "balloon_k.jpg"}}, {"model": "products.product", "pk": 24, "fields": {"category": 2, "sku": "fd000000024", "name": "Balloon letter L", "description": "The balloon letter L is 40-45 centimeters long. You can hang the balloons on the specially made holes that you can find on the top and bottom. Note: The balloons can be filled with helium.", "price": "1.95", "rating": "1.00", "image_url": null, "image": "balloon_l.jpg"}}, {"model": "products.product", "pk": 25, "fields": {"category": 2, "sku": "fd000000025", "name": "Balloon letter M", "description": "The balloon letter M is 40-45 centimeters long. You can hang the balloons on the specially made holes that you can find on the top and bottom. Note: The balloons can be filled with helium.", "price": "1.95", "rating": "4.60", "image_url": null, "image": "balloon_m.jpg"}}, {"model": "products.product", "pk": 26, "fields": {"category": 2, "sku": "fd000000026", "name": "Balloon letter N", "description": "The balloon letter N is 40-45 centimeters long. You can hang the balloons on the specially made holes that you can find on the top and bottom. Note: The balloons can be filled with helium.", "price": "1.95", "rating": "4.60", "image_url": null, "image": "balloon_n.jpg"}}, {"model": "products.product", "pk": 27, "fields": {"category": 2, "sku": "fd000000027", "name": "Balloon letter O", "description": "The balloon letter O is 40-45 centimeters long. You can hang the balloons on the specially made holes that you can find on the top and bottom. Note: The balloons can be filled with helium.", "price": "1.95", "rating": "5.00", "image_url": null, "image": "balloon_o.jpg"}}, {"model": "products.product", "pk": 28, "fields": {"category": 2, "sku": "fd000000028", "name": "Balloon letter P", "description": "The balloon letter P is 40-45 centimeters long. You can hang the balloons on the specially made holes that you can find on the top and bottom. Note: The balloons can be filled with helium.", "price": "1.95", "rating": "4.40", "image_url": null, "image": "balloon_p.jpg"}}, {"model": "products.product", "pk": 29, "fields": {"category": 2, "sku": "fd000000029", "name": "Balloon letter Q", "description": "The balloon letter Q is 40-45 centimeters long. You can hang the balloons on the specially made holes that you can find on the top and bottom. Note: The balloons can be filled with helium.", "price": "1.95", "rating": "4.30", "image_url": null, "image": "balloon_q.jpg"}}, {"model": "products.product", "pk": 30, "fields": {"category": 2, "sku": "fd000000030", "name": "Balloon letter R", "description": "The balloon letter R is 40-45 centimeters long. You can hang the balloons on the specially made holes that you can find on the top and bottom. Note: The balloons can be filled with helium.", "price": "1.95", "rating": "4.60", "image_url": null, "image": "balloon_r.jpg"}}, {"model": "products.product", "pk": 31, "fields": {"category": 2, "sku": "fd000000031", "name": "Balloon letter S", "description": "The balloon letter S is 40-45 centimeters long. You can hang the balloons on the specially made holes that you can find on the top and bottom. Note: The balloons can be filled with helium.", "price": "1.95", "rating": "4.60", "image_url": null, "image": "balloon_s.jpg"}}, {"model": "products.product", "pk": 32, "fields": {"category": 2, "sku": "fd000000032", "name": "Balloon letter T", "description": "The balloon letter T is 40-45 centimeters long. You can hang the balloons on the specially made holes that you can find on the top and bottom. Note: The balloons can be filled with helium.", "price": "1.95", "rating": "4.60", "image_url": null, "image": "balloon_t.jpg"}}, {"model": "products.product", "pk": 33, "fields": {"category": 2, "sku": "fd000000033", "name": "Balloon letter U", "description": "The balloon letter U is 40-45 centimeters long. You can hang the balloons on the specially made holes that you can find on the top and bottom. Note: The balloons can be filled with helium.", "price": "1.95", "rating": "4.60", "image_url": null, "image": "balloon_u.jpg"}}, {"model": "products.product", "pk": 34, "fields": {"category": 2, "sku": "fd000000034", "name": "Balloon letter V", "description": "The balloon letter V is 40-45 centimeters long. You can hang the balloons on the specially made holes that you can find on the top and bottom. Note: The balloons can be filled with helium.", "price": "1.95", "rating": "4.60", "image_url": null, "image": "balloon_v.jpg"}}, {"model": "products.product", "pk": 35, "fields": {"category": 2, "sku": "fd000000035", "name": "Balloon letter W", "description": "The balloon letter W is 40-45 centimeters long. You can hang the balloons on the specially made holes that you can find on the top and bottom. Note: The balloons can be filled with helium.", "price": "1.95", "rating": "4.80", "image_url": null, "image": "balloon_w.jpg"}}, {"model": "products.product", "pk": 36, "fields": {"category": 2, "sku": "fd000000036", "name": "Balloon letter X", "description": "The balloon letter X is 40-45 centimeters long. You can hang the balloons on the specially made holes that you can find on the top and bottom. Note: The balloons can be filled with helium.", "price": "1.95", "rating": "4.60", "image_url": null, "image": "balloon_x.jpg"}}, {"model": "products.product", "pk": 37, "fields": {"category": 2, "sku": "fd000000037", "name": "Balloon letter Y", "description": "The balloon letter Y is 40-45 centimeters long. You can hang the balloons on the specially made holes that you can find on the top and bottom. Note: The balloons can be filled with helium.", "price": "1.95", "rating": "5.00", "image_url": null, "image": "balloon_y.jpg"}}, {"model": "products.product", "pk": 38, "fields": {"category": 2, "sku": "fd000000038", "name": "Balloon letter Z", "description": "The balloon letter Z is 40-45 centimeters long. You can hang the balloons on the specially made holes that you can find on the top and bottom. Note: The balloons can be filled with helium.", "price": "1.95", "rating": "4.40", "image_url": null, "image": "balloon_z.jpg"}}, {"model": "products.product", "pk": 39, "fields": {"category": 2, "sku": "fd000000039", "name": "Balloon Alphabet", "description": "The balloons are also available in the entire alphabet. The balloons are 40-45 centimeters long. You can hang the balloons on the specially made holes that you can find on the top and bottom. Note: The balloons can be filled with helium.", "price": "20.95", "rating": "4.30", "image_url": null, "image": "balloon_alfabet.jpg"}}, {"model": "products.product", "pk": 40, "fields": {"category": 4, "sku": "fd000000040", "name": "Happy Birthday Balloon", "description": "Birthday soon? Surprise the birthday boy or girl with this cheerful Happy Birthday balloon. The balloons are 40-45 centimeters long. You can hang the balloons on the specially made holes that you can find on the top and bottom. Note: The balloons can be filled with helium.", "price": "13.99", "rating": "4.60", "image_url": null, "image": "balloon_bday.jpg"}}, {"model": "products.product", "pk": 41, "fields": {"category": 4, "sku": "fd000000041", "name": "Balloon TikTok", "description": "The perfect decoration for an unforgettable TikTok party for you and your friends. This musical note has a dimension of 65x76. Give your party the ultimate experience with this fantastic balloon decoration. You can hang the balloons on the specially made holes that you can find on the top and bottom. Note: The balloons can be filled with helium.", "price": "11.95", "rating": "4.60", "image_url": null, "image": "balloon_tiktok.jpg"}}, {"model": "products.product", "pk": 42, "fields": {"category": 4, "sku": "fd000000042", "name": "Ring Balloon", "description": "Give the bachelorette party an extra twist with this balloon in the shape of a ring. You can hang the balloons on the specially made holes that you can find on the top and bottom. Note: The balloons can be filled with helium. Dimensions: 81cm(H) x 50cm(W) x 25cm(D)", "price": "3.99", "rating": "4.60", "image_url": null, "image": "balloon_ring.jpg"}}, {"model": "products.product", "pk": 43, "fields": {"category": 4, "sku": "fd000000043", "name": " LOVE Balloon", "description": "Love is in the air! With this 73 x 59cm Love balloon, you will have the perfect balloon for your loved one! Whether for your best friend's birthday or as a chic decoration for Valentine's Day. The letters are connected and can be easily filled with helium so you can place the balloon in the room!", "price": "3.99", "rating": "4.60", "image_url": null, "image": "balloon_love.jpg"}}, {"model": "products.product", "pk": 44, "fields": {"category": 3, "sku": "fd000000044", "name": "Gender Reveal Balloon", "description": "This gender reveal balloon in black will complete your Gender Reveal Party. It's a super fun way to share with family and friends whether it's a boy or a girl! Let us know via the contact form and we will fill it with pink or blue confetti.", "price": "9.95", "rating": "4.60", "image_url": null, "image": "balloon_gender.jpg"}}, {"model": "products.product", "pk": 45, "fields": {"category": 3, "sku": "fd000000045", "name": "Balloon Bow", "description": "This standard balloon arch is available in different colours. If you choose a different color, you can fill in the contact form. We then can see which colors you like.", "price": "17.95", "rating": "4.80", "image_url": null, "image": "balloon_bow.jpg"}}, {"model": "products.product", "pk": 46, "fields": {"category": 3, "sku": "fd000000046", "name": "Balloon Tree", "description": "This custom Christmas tree is a combination of a christmas tree, balloons and other festive decorations. Note: The indicated price is the starting price. the actual price is on request and depends on what decoration you want in your tree.", "price": "19.99", "rating": "4.40", "image_url": null, "image": "balloon_tree.jpg"}}, {"model": "products.product", "pk": 47, "fields": {"category": 3, "sku": "fd000000047", "name": "Special box small", "description": "Surprise someone with a bottle of Moët & Chandon champagne in a luxury box. Is it for Valentine's Day or just to be romantic. Contains: Bottle of Moët & Chandon (375ml), Ferrerro Rocher (chocolate) and fresh red roses. Do you want to give it a different personal touch? Please contact us via the contact form.", "price": "17.95", "rating": "4.80", "image_url": null, "image": "balloon_special1.jpg"}}, {"model": "products.product", "pk": 48, "fields": {"category": 3, "sku": "fd000000048", "name": "Special box medium", "description": "Surprise someone with a bottle of Moët & Chandon champagne in a luxury box. Is it for Valentine's Day or just to be romantic. Contains: Bottle of Moët & Chandon (375ml), Ferrerro Rocher (chocolate) and fresh red roses. Do you want to give it a different personal touch? Please contact us via the contact form.", "price": "23.95", "rating": "4.80", "image_url": null, "image": "balloon_special2.jpg"}}, {"model": "products.product", "pk": 49, "fields": {"category": 1, "sku": "12", "name": "hello", "description": "is slechts een proeftekst uit het drukkerij- en zetterijwezen. Lorem Ipsum is de standaard proeftekst in deze bedrijfstak sinds de 16e eeuw, toen een onbekende drukker een zethaak met letters nam en ze door elkaar husselde om een font-catalogus te maken. Het heeft niet alleen vijf eeuwen overleefd maar is ook, vrijwel onveranderd, overgenomen in elektronische letterzetting. Het is in de jaren '60 populair geworden met de introductie van Letraset vellen met Lorem Ipsum passages en meer recentelijk door desktop publishing software zoals Aldus PageMaker die versies van Lorem Ipsum bevatten.", "price": "14.83", "rating": null, "image_url": null, "image": ""}}, {"model": "checkout.order", "pk": 8, "fields": {"order_number": "A323C8E86A6049D8864890D65B898B60", "user_profile": null, "full_name": "hello", "email": "ghc_jo@hotmail.com", "phone_number": "0624261850", "country": "Nederland", "postcode": "1363LA", "town_or_city": "Almere Poort", "street_address1": "Marco Poloroute", "street_address2": "109", "county": "Netherlands", "date": "2021-10-10T11:30:02.180Z", "delivery_cost": "0.00", "order_total": "31.85", "grand_total": "31.85", "original_bag": "", "stripe_pid": ""}}, {"model": "checkout.order", "pk": 9, "fields": {"order_number": "7D16E161305B466DA1597E4CFFA2139E", "user_profile": null, "full_name": "hello", "email": "ghc_jo@hotmail.com", "phone_number": "0624261850", "country": "Nederland", "postcode": "1363LA", "town_or_city": "Almere Poort", "street_address1": "Marco Poloroute", "street_address2": "109", "county": "Netherlands", "date": "2021-10-10T12:07:55.104Z", "delivery_cost": "1.58", "order_total": "15.75", "grand_total": "17.32", "original_bag": "", "stripe_pid": ""}}, {"model": "checkout.order", "pk": 10, "fields": {"order_number": "44A1043D314A451AB965958CD76D0236", "user_profile": null, "full_name": "hello", "email": "ghc_jo@hotmail.com", "phone_number": "0624261850", "country": "Nederland", "postcode": "1363LA", "town_or_city": "Almere Poort", "street_address1": "Marco Poloroute", "street_address2": "109", "county": "Netherlands", "date": "2021-10-10T12:10:58.091Z", "delivery_cost": "1.40", "order_total": "13.99", "grand_total": "15.39", "original_bag": "", "stripe_pid": ""}}, {"model": "checkout.order", "pk": 11, "fields": {"order_number": "DFA16665D7A5465EBF85F202F68F8AF3", "user_profile": null, "full_name": "hello", "email": "ghc_jo@hotmail.com", "phone_number": "0624261850", "country": "Nederland", "postcode": "1363LA", "town_or_city": "Almere Poort", "street_address1": "Marco Poloroute", "street_address2": "109", "county": "Netherlands", "date": "2021-10-10T12:29:29.751Z", "delivery_cost": "1.40", "order_total": "13.99", "grand_total": "15.39", "original_bag": "", "stripe_pid": ""}}, {"model": "checkout.order", "pk": 12, "fields": {"order_number": "7B837ADAE6FE46CE9EB9F193712DEC95", "user_profile": null, "full_name": "hello", "email": "ghc_jo@hotmail.com", "phone_number": "0624261850", "country": "Nederland", "postcode": "1363LA", "town_or_city": "Almere Poort", "street_address1": "Marco Poloroute", "street_address2": "109", "county": "Netherlands", "date": "2021-10-10T12:32:17.998Z", "delivery_cost": "2.00", "order_total": "19.99", "grand_total": "21.99", "original_bag": "", "stripe_pid": ""}}, {"model": "checkout.order", "pk": 13, "fields": {"order_number": "ACC78A16E8514B989188B7470B70120D", "user_profile": null, "full_name": "hello", "email": "ghc_jo@hotmail.com", "phone_number": "0624261850", "country": "Nederland", "postcode": "1363LA", "town_or_city": "Almere Poort", "street_address1": "Marco Poloroute", "street_address2": "109", "county": "Netherlands", "date": "2021-10-10T12:35:24.046Z", "delivery_cost": "0.40", "order_total": "3.99", "grand_total": "4.39", "original_bag": "", "stripe_pid": ""}}, {"model": "checkout.order", "pk": 14, "fields": {"order_number": "6C3BAD6A5BFA48CA9E20B2FF7703EAC9", "user_profile": null, "full_name": "hello", "email": "ghc_jo@hotmail.com", "phone_number": "0624261850", "country": "Nederland", "postcode": "1363LA", "town_or_city": "Almere Poort", "street_address1": "Marco Poloroute", "street_address2": "109", "county": "Netherlands", "date": "2021-10-10T12:38:41.301Z", "delivery_cost": "1.20", "order_total": "11.95", "grand_total": "13.14", "original_bag": "", "stripe_pid": ""}}, {"model": "checkout.order", "pk": 15, "fields": {"order_number": "62CE72B6D0A7419593175BE6FBE6D36A", "user_profile": null, "full_name": "hello", "email": "ghc_jo@hotmail.com", "phone_number": "0624261850", "country": "Nederland", "postcode": "1363LA", "town_or_city": "Almere Poort", "street_address1": "Marco Poloroute", "street_address2": "109", "county": "Netherlands", "date": "2021-10-10T12:46:25.299Z", "delivery_cost": "1.80", "order_total": "17.95", "grand_total": "19.74", "original_bag": "", "stripe_pid": ""}}, {"model": "checkout.order", "pk": 16, "fields": {"order_number": "CE99EC926AB943A6BA15E54247F4E5FB", "user_profile": null, "full_name": "hello", "email": "ghc_jo@hotmail.com", "phone_number": "0624261850", "country": "Nederland", "postcode": "1363LA", "town_or_city": "Almere Poort", "street_address1": "Marco Poloroute", "street_address2": "109", "county": "Netherlands", "date": "2021-10-10T12:49:22.283Z", "delivery_cost": "2.00", "order_total": "19.99", "grand_total": "21.99", "original_bag": "", "stripe_pid": ""}}, {"model": "checkout.order", "pk": 17, "fields": {"order_number": "0C83CB84B3C34D03BBF5A226A3E120A2", "user_profile": null, "full_name": "hello", "email": "ghc_jo@hotmail.com", "phone_number": "0624261850", "country": "Nederland", "postcode": "1363LA", "town_or_city": "Almere Poort", "street_address1": "Marco Poloroute", "street_address2": "109", "county": "Netherlands", "date": "2021-10-10T12:51:04.688Z", "delivery_cost": "1.00", "order_total": "9.95", "grand_total": "10.94", "original_bag": "", "stripe_pid": ""}}, {"model": "checkout.order", "pk": 18, "fields": {"order_number": "3C5724771340465688A5A65E28477747", "user_profile": null, "full_name": "hello", "email": "ghc_jo@hotmail.com", "phone_number": "0624261850", "country": "Nederland", "postcode": "1363LA", "town_or_city": "Almere Poort", "street_address1": "Marco Poloroute", "street_address2": "109", "county": "Netherlands", "date": "2021-10-10T12:52:17.243Z", "delivery_cost": "1.20", "order_total": "11.95", "grand_total": "13.14", "original_bag": "", "stripe_pid": ""}}, {"model": "checkout.order", "pk": 19, "fields": {"order_number": "B160DFAD86674ADEA20FBDF8535AC04F", "user_profile": null, "full_name": "hello", "email": "ghc_jo@hotmail.com", "phone_number": "0624261850", "country": "Nederland", "postcode": "1363LA", "town_or_city": "Almere Poort", "street_address1": "Marco Poloroute", "street_address2": "109", "county": "Netherlands", "date": "2021-10-10T12:53:20.202Z", "delivery_cost": "1.80", "order_total": "17.95", "grand_total": "19.74", "original_bag": "", "stripe_pid": ""}}, {"model": "checkout.order", "pk": 20, "fields": {"order_number": "03D11E39DCA44FA7955463E0655B48E2", "user_profile": null, "full_name": "hello", "email": "ghc_jo@hotmail.com", "phone_number": "0624261850", "country": "Nederland", "postcode": "1363LA", "town_or_city": "Almere Poort", "street_address1": "Marco Poloroute", "street_address2": "109", "county": "Netherlands", "date": "2021-10-10T12:56:01.473Z", "delivery_cost": "0.22", "order_total": "2.25", "grand_total": "2.48", "original_bag": "", "stripe_pid": ""}}, {"model": "checkout.order", "pk": 21, "fields": {"order_number": "1997DD9D028749D98C2BA9A0CE3B05CE", "user_profile": null, "full_name": "hello", "email": "ghc_jo@hotmail.com", "phone_number": "0624261850", "country": "Nederland", "postcode": "1363LA", "town_or_city": "Almere Poort", "street_address1": "Marco Poloroute", "street_address2": "109", "county": "Netherlands", "date": "2021-10-10T13:03:21.822Z", "delivery_cost": "0.20", "order_total": "1.95", "grand_total": "2.14", "original_bag": "", "stripe_pid": ""}}, {"model": "checkout.order", "pk": 22, "fields": {"order_number": "B11475E8CF954DACAC51B15F49ADC955", "user_profile": null, "full_name": "hello", "email": "ghc_jo@hotmail.com", "phone_number": "0624261850", "country": "Nederland", "postcode": "1363LA", "town_or_city": "Almere Poort", "street_address1": "Marco Poloroute", "street_address2": "109", "county": "Netherlands", "date": "2021-10-10T13:13:29.479Z", "delivery_cost": "1.80", "order_total": "17.95", "grand_total": "19.74", "original_bag": "", "stripe_pid": ""}}, {"model": "checkout.order", "pk": 23, "fields": {"order_number": "B0C5B3EFF39F49CF865FCE184521C3DB", "user_profile": null, "full_name": "hello", "email": "ghc_jo@hotmail.com", "phone_number": "0624261850", "country": "Nederland", "postcode": "1363LA", "town_or_city": "Almere Poort", "street_address1": "Marco Poloroute", "street_address2": "109", "county": "Netherlands", "date": "2021-10-10T13:14:37.619Z", "delivery_cost": "2.02", "order_total": "20.20", "grand_total": "22.22", "original_bag": "", "stripe_pid": ""}}, {"model": "checkout.order", "pk": 24, "fields": {"order_number": "7612024A7DD9483EAB8C5A2987253E07", "user_profile": null, "full_name": "hello", "email": "ghc_jo@hotmail.com", "phone_number": "0624261850", "country": "Nederland", "postcode": "1363LA", "town_or_city": "Almere Poort", "street_address1": "Marco Poloroute", "street_address2": "109", "county": "Netherlands", "date": "2021-10-10T13:16:18.887Z", "delivery_cost": "2.02", "order_total": "20.20", "grand_total": "22.22", "original_bag": "", "stripe_pid": ""}}, {"model": "checkout.order", "pk": 25, "fields": {"order_number": "A76F037B826F4A7CA77723E3B4FF2B16", "user_profile": null, "full_name": "hello", "email": "ghc_jo@hotmail.com", "phone_number": "0624261850", "country": "Nederland", "postcode": "1363LA", "town_or_city": "Almere Poort", "street_address1": "Marco Poloroute", "street_address2": "109", "county": "Netherlands", "date": "2021-10-10T13:25:00.771Z", "delivery_cost": "2.00", "order_total": "19.99", "grand_total": "21.99", "original_bag": "", "stripe_pid": ""}}, {"model": "checkout.order", "pk": 26, "fields": {"order_number": "B593E3DD6CDB465E9956C1C66FD8EC10", "user_profile": null, "full_name": "hello", "email": "ghc_jo@hotmail.com", "phone_number": "0624261850", "country": "Nederland", "postcode": "1363LA", "town_or_city": "Almere Poort", "street_address1": "Marco Poloroute", "street_address2": "109", "county": "Netherlands", "date": "2021-10-10T13:48:28.155Z", "delivery_cost": "0.40", "order_total": "3.99", "grand_total": "4.39", "original_bag": "", "stripe_pid": ""}}, {"model": "checkout.order", "pk": 27, "fields": {"order_number": "10694885EF144294A19E97F11937AFF4", "user_profile": null, "full_name": "hello", "email": "ghc_jo@hotmail.com", "phone_number": "0624261850", "country": "Nederland", "postcode": "1363LA", "town_or_city": "Almere Poort", "street_address1": "Marco Poloroute", "street_address2": "109", "county": "Netherlands", "date": "2021-10-10T14:12:54.841Z", "delivery_cost": "2.00", "order_total": "19.99", "grand_total": "21.99", "original_bag": "", "stripe_pid": ""}}, {"model": "checkout.order", "pk": 28, "fields": {"order_number": "623D80165FF846AFAE5B11DF7C822432", "user_profile": null, "full_name": "hello", "email": "ghc_jo@hotmail.com", "phone_number": "0624261850", "country": "Nederland", "postcode": "1363LA", "town_or_city": "Almere Poort", "street_address1": "Marco Poloroute", "street_address2": "109", "county": "Netherlands", "date": "2021-10-10T14:14:21.164Z", "delivery_cost": "1.80", "order_total": "17.95", "grand_total": "19.74", "original_bag": "", "stripe_pid": ""}}, {"model": "checkout.order", "pk": 29, "fields": {"order_number": "44B3439543FB4309880E846AF2E04BAD", "user_profile": null, "full_name": "hello", "email": "ghc_jo@hotmail.com", "phone_number": "0624261850", "country": "Nederland", "postcode": "1363LA", "town_or_city": "Almere Poort", "street_address1": "Marco Poloroute", "street_address2": "109", "county": "Netherlands", "date": "2021-10-10T14:15:28.388Z", "delivery_cost": "1.20", "order_total": "11.95", "grand_total": "13.14", "original_bag": "", "stripe_pid": ""}}, {"model": "checkout.order", "pk": 30, "fields": {"order_number": "F232E17D1B8F47A79EA436E785E61AC2", "user_profile": null, "full_name": "hello", "email": "ghc_jo@hotmail.com", "phone_number": "0624261850", "country": "Nederland", "postcode": "1363LA", "town_or_city": "Almere Poort", "street_address1": "Marco Poloroute", "street_address2": "109", "county": "Netherlands", "date": "2021-10-10T14:16:29.999Z", "delivery_cost": "0.22", "order_total": "2.25", "grand_total": "2.48", "original_bag": "", "stripe_pid": ""}}, {"model": "checkout.order", "pk": 31, "fields": {"order_number": "6D502797B9914B88986DE7E4C6F81051", "user_profile": null, "full_name": "hello", "email": "ghc_jo@hotmail.com", "phone_number": "0624261850", "country": "Nederland", "postcode": "1363LA", "town_or_city": "Almere Poort", "street_address1": "Marco Poloroute", "street_address2": "109", "county": "Netherlands", "date": "2021-10-10T14:17:55.592Z", "delivery_cost": "0.20", "order_total": "1.95", "grand_total": "2.14", "original_bag": "", "stripe_pid": ""}}, {"model": "checkout.order", "pk": 32, "fields": {"order_number": "07A7DEBCD4BB4078BA78293C25889995", "user_profile": null, "full_name": "hello", "email": "ghc_jo@hotmail.com", "phone_number": "0624261850", "country": "Nederland", "postcode": "1363LA", "town_or_city": "Almere Poort", "street_address1": "Marco Poloroute", "street_address2": "109", "county": "Netherlands", "date": "2021-10-10T17:09:30.732Z", "delivery_cost": "0.20", "order_total": "1.95", "grand_total": "2.14", "original_bag": "", "stripe_pid": ""}}, {"model": "checkout.order", "pk": 33, "fields": {"order_number": "0117169AAD7748DB839FF8D0192D9BFB", "user_profile": null, "full_name": "hello", "email": "ghc_jo@hotmail.com", "phone_number": "0624261850", "country": "Nederland", "postcode": "1363LA", "town_or_city": "Almere Poort", "street_address1": "Marco Poloroute", "street_address2": "109", "county": "Netherlands", "date": "2021-10-10T21:40:35.917Z", "delivery_cost": "0.58", "order_total": "5.85", "grand_total": "6.44", "original_bag": "", "stripe_pid": ""}}, {"model": "checkout.order", "pk": 34, "fields": {"order_number": "3D18332E132D473DAB759C630861B0E1", "user_profile": null, "full_name": "hello", "email": "ghc_jo@hotmail.com", "phone_number": "0624261850", "country": "US", "postcode": "1363LA", "town_or_city": "Almere Poort", "street_address1": "Marco Poloroute", "street_address2": "109", "county": "Netherlands", "date": "2021-10-11T20:00:32.293Z", "delivery_cost": "1.12", "order_total": "11.25", "grand_total": "12.38", "original_bag": "{\"3\": 5}", "stripe_pid": "pi_3JjUfBExh6k37O8d0bvb67Fq"}}, {"model": "checkout.order", "pk": 35, "fields": {"order_number": "8BB496FEAB7A48C7B016B28F19173D32", "user_profile": null, "full_name": "hello", "email": "ghc_jo@hotmail.com", "phone_number": "0624261850", "country": "NL", "postcode": "1363LA", "town_or_city": "Almere Poort", "street_address1": "Marco Poloroute", "street_address2": "109", "county": "Netherlands", "date": "2021-10-13T13:05:26.749Z", "delivery_cost": "0.22", "order_total": "2.25", "grand_total": "2.48", "original_bag": "{\"1\": 1}", "stripe_pid": "pi_3Jk78lExh6k37O8d0R6oczpf"}}, {"model": "checkout.order", "pk": 36, "fields": {"order_number": "D9E7E6D9158449478FC43F69767B82B4", "user_profile": null, "full_name": "hello", "email": "ghc_jo@hotmail.com", "phone_number": "0624261850", "country": "NL", "postcode": "1363LA", "town_or_city": "Almere Poort", "street_address1": "Marco Poloroute", "street_address2": "109", "county": "Netherlands", "date": "2021-10-13T17:19:29.257Z", "delivery_cost": "2.00", "order_total": "19.99", "grand_total": "21.99", "original_bag": "{\"46\": 1}", "stripe_pid": "pi_3JkB6QExh6k37O8d1ZkccCVJ"}}, {"model": "checkout.order", "pk": 37, "fields": {"order_number": "20EA8B9D161A4047B7E879ED3D89B38A", "user_profile": null, "full_name": "hello", "email": "ghc_jo@hotmail.com", "phone_number": "0624261850", "country": "NL", "postcode": "1363LA", "town_or_city": "Almere Poort", "street_address1": "Marco Poloroute", "street_address2": "109", "county": "us", "date": "2021-10-13T17:57:30.581Z", "delivery_cost": "0.22", "order_total": "2.25", "grand_total": "2.48", "original_bag": "{\"3\": 1}", "stripe_pid": "pi_3JkBhGExh6k37O8d02tuvrTb"}}, {"model": "checkout.order", "pk": 38, "fields": {"order_number": "937E2A36B2EE4063B56DFBEF28D945AE", "user_profile": null, "full_name": "hello", "email": "ghc_jo@hotmail.com", "phone_number": "0624261850", "country": "NL", "postcode": "1363LA", "town_or_city": "Almere Poort", "street_address1": "Marco Poloroute", "street_address2": "109", "county": "Netherlands", "date": "2021-10-13T18:57:37.276Z", "delivery_cost": "0.42", "order_total": "4.20", "grand_total": "4.62", "original_bag": "{\"14\": 1, \"2\": 1}", "stripe_pid": "pi_3JkCdfExh6k37O8d09iW0lt9"}}, {"model": "checkout.order", "pk": 39, "fields": {"order_number": "51E6633ADE4D4E598CBF1D9343D2F8E0", "user_profile": null, "full_name": "hello", "email": "ghc_jo@hotmail.com", "phone_number": "0624261850", "country": "NL", "postcode": "1363LA", "town_or_city": "Almere Poort", "street_address1": "Marco Poloroute", "street_address2": "109", "county": "us", "date": "2021-10-17T11:19:49.028Z", "delivery_cost": "0.00", "order_total": "69.92", "grand_total": "69.92", "original_bag": "{\"11\": 1, \"46\": 3}", "stripe_pid": "pi_3JlXOhExh6k37O8d08FXlekM"}}, {"model": "checkout.order", "pk": 40, "fields": {"order_number": "C1B1D2E413B84365898F8E1826F807D6", "user_profile": null, "full_name": "hello", "email": "ghc_jo@hotmail.com", "phone_number": "0624261850", "country": "NL", "postcode": "1363LA", "town_or_city": "Almere Poort", "street_address1": "Marco Poloroute", "street_address2": "109", "county": "us", "date": "2021-10-17T11:41:40.878Z", "delivery_cost": "1.20", "order_total": "11.95", "grand_total": "13.14", "original_bag": "{\"41\": 1}", "stripe_pid": "pi_3JlXjxExh6k37O8d0GYwptDA"}}, {"model": "checkout.order", "pk": 41, "fields": {"order_number": "09923B0D468F4442967541CE55EDE135", "user_profile": null, "full_name": "hello", "email": "ghc_jo@hotmail.com", "phone_number": "0624261850", "country": "NL", "postcode": "1363LA", "town_or_city": "Almere Poort", "street_address1": "Marco Poloroute", "street_address2": "109", "county": "Netherlands", "date": "2021-10-20T14:37:26.341Z", "delivery_cost": "1.99", "order_total": "19.90", "grand_total": "21.89", "original_bag": "{\"11\": 2}", "stripe_pid": "pi_3JmfuQExh6k37O8d0zMF1fBd"}}, {"model": "checkout.order", "pk": 42, "fields": {"order_number": "C60E7D67AF0548B4AA05785D1D4F6B28", "user_profile": null, "full_name": "hello", "email": "ghc_jo@hotmail.com", "phone_number": "0624261850", "country": "NL", "postcode": "1363LA", "town_or_city": "Almere Poort", "street_address1": "Marco Poloroute", "street_address2": "109", "county": "Netherlands", "date": "2021-10-20T15:01:47.741Z", "delivery_cost": "1.20", "order_total": "11.95", "grand_total": "13.14", "original_bag": "{\"41\": 1}", "stripe_pid": "pi_3JmgIGExh6k37O8d1pbyAqbP"}}, {"model": "checkout.order", "pk": 43, "fields": {"order_number": "ABC88B31BE1543A884F654A466E23C14", "user_profile": null, "full_name": "hello", "email": "ghc_jo@hotmail.com", "phone_number": "0624261850", "country": "NL", "postcode": "1363bd", "town_or_city": "Almere Poort", "street_address1": "Marco Poloroute", "street_address2": "1829", "county": "Netherlands", "date": "2021-10-20T15:13:01.734Z", "delivery_cost": "0.22", "order_total": "2.25", "grand_total": "2.48", "original_bag": "{\"2\": 1}", "stripe_pid": "pi_3JmgT2Exh6k37O8d0iq58tX1"}}, {"model": "checkout.order", "pk": 44, "fields": {"order_number": "2B2AF23E2BDE4F359B3941438C1C7B1E", "user_profile": null, "full_name": "Goodbye", "email": "ghc_jo@hotmail.com", "phone_number": "0624261850", "country": "NL", "postcode": "1363bd", "town_or_city": "Almere Poort", "street_address1": "Marco Poloroute", "street_address2": "90000", "county": "Netherlands", "date": "2021-10-20T18:43:30.479Z", "delivery_cost": "0.22", "order_total": "2.25", "grand_total": "2.48", "original_bag": "{\"2\": 1}", "stripe_pid": "pi_3JmjkJExh6k37O8d1Q4ZVZGP"}}, {"model": "checkout.order", "pk": 45, "fields": {"order_number": "E92CB792E1D04C748D9DA0D9F74F888D", "user_profile": null, "full_name": "hello", "email": "ghc_jo@hotmail.com", "phone_number": "0624261850", "country": "NL", "postcode": "1363LA", "town_or_city": "Almere Poort", "street_address1": "Marco Poloroute", "street_address2": "109", "county": "Netherlands", "date": "2021-10-29T14:34:55.706Z", "delivery_cost": "0.22", "order_total": "2.25", "grand_total": "2.48", "original_bag": "{\"1\": 1}", "stripe_pid": "pi_3JpwADExh6k37O8d0O5au23G"}}, {"model": "checkout.order", "pk": 46, "fields": {"order_number": "B735341521FC4D8CAA8A209C6CAA38E7", "user_profile": null, "full_name": "hello", "email": "ghc_jo@hotmail.com", "phone_number": "0624261850", "country": "NL", "postcode": "1363LA", "town_or_city": "Almere Poort", "street_address1": "Marco Poloroute", "street_address2": "109", "county": "Netherlands", "date": "2021-10-30T09:21:35.657Z", "delivery_cost": "0.00", "order_total": "38.15", "grand_total": "38.15", "original_bag": "{\"1\": 1, \"45\": 2}", "stripe_pid": "pi_3JqDkNExh6k37O8d1rmxemsW"}}, {"model": "checkout.order", "pk": 47, "fields": {"order_number": "4D549710446F4EA7A8DEAD0FFD4426C2", "user_profile": null, "full_name": "hello", "email": "ghc_jo@hotmail.com", "phone_number": "0624261850", "country": "NL", "postcode": "1363LA", "town_or_city": "Almere Poort", "street_address1": "Marco Poloroute", "street_address2": "109", "county": "Netherlands", "date": "2021-10-30T09:34:20.989Z", "delivery_cost": "0.00", "order_total": "38.15", "grand_total": "38.15", "original_bag": "{\"1\": 1, \"45\": 2}", "stripe_pid": "pi_3JqDwoExh6k37O8d0fH2Saua"}}, {"model": "checkout.order", "pk": 48, "fields": {"order_number": "E61F76A11C254FF5B6DC4E17E8A2A583", "user_profile": null, "full_name": "Gwendolyn Jo", "email": "jo.gwen@hotmail.com", "phone_number": "0624261850", "country": "NL", "postcode": "1363LA", "town_or_city": "Almere Poort", "street_address1": "Marco Poloroute", "street_address2": "109", "county": "Netherlands", "date": "2021-10-30T10:26:55.644Z", "delivery_cost": "0.20", "order_total": "1.95", "grand_total": "2.14", "original_bag": "{\"15\": 1}", "stripe_pid": "pi_3JqEljExh6k37O8d0RkuCzCQ"}}, {"model": "checkout.order", "pk": 49, "fields": {"order_number": "F90D283E76034568A153F8C8E3E64E0B", "user_profile": null, "full_name": "Gwendolyn Jo", "email": "jo.gwen@hotmail.com", "phone_number": "0624261850", "country": "NL", "postcode": "1363LA", "town_or_city": "Almere Poort", "street_address1": "Marco Poloroute", "street_address2": "109", "county": "Netherlands", "date": "2021-10-30T10:29:06.801Z", "delivery_cost": "0.40", "order_total": "3.99", "grand_total": "4.39", "original_bag": "{\"42\": 1}", "stripe_pid": "pi_3JqEnvExh6k37O8d00MFOx70"}}, {"model": "checkout.order", "pk": 50, "fields": {"order_number": "7A38518798F64BBABC073DCD9FE61AF1", "user_profile": null, "full_name": "Gwendolyn Jo", "email": "jo.gwen@hotmail.com", "phone_number": "0624261850", "country": "NL", "postcode": "1363LA", "town_or_city": "Almere Poort", "street_address1": "Marco Poloroute", "street_address2": "109", "county": "Netherlands", "date": "2021-10-31T12:13:09.464Z", "delivery_cost": "2.00", "order_total": "19.95", "grand_total": "21.94", "original_bag": "{\"42\": 5}", "stripe_pid": "pi_3JqcuBExh6k37O8d0dr9Ks69"}}, {"model": "checkout.order", "pk": 51, "fields": {"order_number": "6E5E0098753542E78350AD1491F3EBB1", "user_profile": null, "full_name": "hello", "email": "ghc_jo@hotmail.com", "phone_number": "0624261850", "country": "NL", "postcode": "1363LA", "town_or_city": "Almere Poort", "street_address1": "Marco Poloroute", "street_address2": "109", "county": "Netherlands", "date": "2021-10-31T12:24:16.683Z", "delivery_cost": "0.80", "order_total": "7.98", "grand_total": "8.78", "original_bag": "{\"42\": 2}", "stripe_pid": "pi_3Jqd4bExh6k37O8d1R4ziIQa"}}, {"model": "checkout.order", "pk": 52, "fields": {"order_number": "FC5CC67D78764FB0AB55169A75E2B248", "user_profile": null, "full_name": "gwen", "email": "jo.gwen@hotmail.com", "phone_number": "0624261850", "country": "NL", "postcode": "1363LA", "town_or_city": "Almere Poort", "street_address1": "Marco Poloroute", "street_address2": "109", "county": "Netherlands", "date": "2021-10-31T22:44:21.614Z", "delivery_cost": "0.22", "order_total": "2.25", "grand_total": "2.48", "original_bag": "{\"1\": 1}", "stripe_pid": "pi_3JqmkwExh6k37O8d0R7qbwWK"}}, {"model": "checkout.order", "pk": 53, "fields": {"order_number": "98B355C4630845BAAAE54D5794E74343", "user_profile": null, "full_name": "Gwendolyn Jo", "email": "jo.gwen@hotmail.com", "phone_number": "0624261850", "country": "NL", "postcode": "1363LA", "town_or_city": "Almere Poort", "street_address1": "Marco Poloroute", "street_address2": "109", "county": "Netherlands", "date": "2021-10-31T23:44:29.090Z", "delivery_cost": "0.22", "order_total": "2.25", "grand_total": "2.48", "original_bag": "{\"2\": 1}", "stripe_pid": "pi_3Jqnh2Exh6k37O8d1Xxn1cMf"}}, {"model": "checkout.order", "pk": 54, "fields": {"order_number": "FDC7FD62415B44EB96F7955A900F13E6", "user_profile": 3, "full_name": "Gwendolyn Jo", "email": "jo.gwen@hotmail.com", "phone_number": "gwe", "country": "NL", "postcode": "1363LA", "town_or_city": "Almere Poort", "street_address1": "Marco Poloroute", "street_address2": "109", "county": "Netherlands", "date": "2021-11-01T01:18:37.930Z", "delivery_cost": "0.22", "order_total": "2.25", "grand_total": "2.48", "original_bag": "{\"2\": 1}", "stripe_pid": "pi_3JqpA6Exh6k37O8d1kvnrHGs"}}, {"model": "checkout.order", "pk": 55, "fields": {"order_number": "8159512855DB48C68A62AA4DAE41DC99", "user_profile": 3, "full_name": "Gwendolyn Jo", "email": "jo.gwen@hotmail.com", "phone_number": "0624261850", "country": "NL", "postcode": "1363LA", "town_or_city": "Almere Poort", "street_address1": "Marco Poloroute", "street_address2": "109", "county": "Netherlands", "date": "2021-11-01T12:09:13.621Z", "delivery_cost": "0.20", "order_total": "1.95", "grand_total": "2.14", "original_bag": "{\"13\": 1}", "stripe_pid": "pi_3JqzJvExh6k37O8d0Z43xfMX"}}, {"model": "checkout.orderlineitem", "pk": 7, "fields": {"order": 8, "product": 41, "quantity": 1, "lineitem_total": "11.95"}}, {"model": "checkout.orderlineitem", "pk": 8, "fields": {"order": 8, "product": 11, "quantity": 2, "lineitem_total": "19.90"}}, {"model": "checkout.orderlineitem", "pk": 9, "fields": {"order": 9, "product": 3, "quantity": 7, "lineitem_total": "15.75"}}, {"model": "checkout.orderlineitem", "pk": 10, "fields": {"order": 10, "product": 40, "quantity": 1, "lineitem_total": "13.99"}}, {"model": "checkout.orderlineitem", "pk": 11, "fields": {"order": 11, "product": 40, "quantity": 1, "lineitem_total": "13.99"}}, {"model": "checkout.orderlineitem", "pk": 12, "fields": {"order": 12, "product": 46, "quantity": 1, "lineitem_total": "19.99"}}, {"model": "checkout.orderlineitem", "pk": 13, "fields": {"order": 13, "product": 42, "quantity": 1, "lineitem_total": "3.99"}}, {"model": "checkout.orderlineitem", "pk": 14, "fields": {"order": 14, "product": 41, "quantity": 1, "lineitem_total": "11.95"}}, {"model": "checkout.orderlineitem", "pk": 15, "fields": {"order": 15, "product": 47, "quantity": 1, "lineitem_total": "17.95"}}, {"model": "checkout.orderlineitem", "pk": 16, "fields": {"order": 16, "product": 46, "quantity": 1, "lineitem_total": "19.99"}}, {"model": "checkout.orderlineitem", "pk": 17, "fields": {"order": 17, "product": 44, "quantity": 1, "lineitem_total": "9.95"}}, {"model": "checkout.orderlineitem", "pk": 18, "fields": {"order": 18, "product": 41, "quantity": 1, "lineitem_total": "11.95"}}, {"model": "checkout.orderlineitem", "pk": 19, "fields": {"order": 19, "product": 45, "quantity": 1, "lineitem_total": "17.95"}}, {"model": "checkout.orderlineitem", "pk": 20, "fields": {"order": 20, "product": 2, "quantity": 1, "lineitem_total": "2.25"}}, {"model": "checkout.orderlineitem", "pk": 21, "fields": {"order": 21, "product": 14, "quantity": 1, "lineitem_total": "1.95"}}, {"model": "checkout.orderlineitem", "pk": 22, "fields": {"order": 22, "product": 45, "quantity": 1, "lineitem_total": "17.95"}}, {"model": "checkout.orderlineitem", "pk": 23, "fields": {"order": 23, "product": 45, "quantity": 1, "lineitem_total": "17.95"}}, {"model": "checkout.orderlineitem", "pk": 24, "fields": {"order": 23, "product": 3, "quantity": 1, "lineitem_total": "2.25"}}, {"model": "checkout.orderlineitem", "pk": 25, "fields": {"order": 24, "product": 45, "quantity": 1, "lineitem_total": "17.95"}}, {"model": "checkout.orderlineitem", "pk": 26, "fields": {"order": 24, "product": 3, "quantity": 1, "lineitem_total": "2.25"}}, {"model": "checkout.orderlineitem", "pk": 27, "fields": {"order": 25, "product": 46, "quantity": 1, "lineitem_total": "19.99"}}, {"model": "checkout.orderlineitem", "pk": 28, "fields": {"order": 26, "product": 43, "quantity": 1, "lineitem_total": "3.99"}}, {"model": "checkout.orderlineitem", "pk": 29, "fields": {"order": 27, "product": 46, "quantity": 1, "lineitem_total": "19.99"}}, {"model": "checkout.orderlineitem", "pk": 30, "fields": {"order": 28, "product": 45, "quantity": 1, "lineitem_total": "17.95"}}, {"model": "checkout.orderlineitem", "pk": 31, "fields": {"order": 29, "product": 41, "quantity": 1, "lineitem_total": "11.95"}}, {"model": "checkout.orderlineitem", "pk": 32, "fields": {"order": 30, "product": 2, "quantity": 1, "lineitem_total": "2.25"}}, {"model": "checkout.orderlineitem", "pk": 33, "fields": {"order": 31, "product": 13, "quantity": 1, "lineitem_total": "1.95"}}, {"model": "checkout.orderlineitem", "pk": 34, "fields": {"order": 32, "product": 15, "quantity": 1, "lineitem_total": "1.95"}}, {"model": "checkout.orderlineitem", "pk": 35, "fields": {"order": 33, "product": 15, "quantity": 3, "lineitem_total": "5.85"}}, {"model": "checkout.orderlineitem", "pk": 36, "fields": {"order": 34, "product": 3, "quantity": 5, "lineitem_total": "11.25"}}, {"model": "checkout.orderlineitem", "pk": 37, "fields": {"order": 35, "product": 1, "quantity": 1, "lineitem_total": "2.25"}}, {"model": "checkout.orderlineitem", "pk": 38, "fields": {"order": 36, "product": 46, "quantity": 1, "lineitem_total": "19.99"}}, {"model": "checkout.orderlineitem", "pk": 39, "fields": {"order": 37, "product": 3, "quantity": 1, "lineitem_total": "2.25"}}, {"model": "checkout.orderlineitem", "pk": 40, "fields": {"order": 38, "product": 14, "quantity": 1, "lineitem_total": "1.95"}}, {"model": "checkout.orderlineitem", "pk": 41, "fields": {"order": 38, "product": 2, "quantity": 1, "lineitem_total": "2.25"}}, {"model": "checkout.orderlineitem", "pk": 42, "fields": {"order": 39, "product": 11, "quantity": 1, "lineitem_total": "9.95"}}, {"model": "checkout.orderlineitem", "pk": 43, "fields": {"order": 39, "product": 46, "quantity": 3, "lineitem_total": "59.97"}}, {"model": "checkout.orderlineitem", "pk": 44, "fields": {"order": 40, "product": 41, "quantity": 1, "lineitem_total": "11.95"}}, {"model": "checkout.orderlineitem", "pk": 45, "fields": {"order": 41, "product": 11, "quantity": 2, "lineitem_total": "19.90"}}, {"model": "checkout.orderlineitem", "pk": 46, "fields": {"order": 42, "product": 41, "quantity": 1, "lineitem_total": "11.95"}}, {"model": "checkout.orderlineitem", "pk": 47, "fields": {"order": 43, "product": 2, "quantity": 1, "lineitem_total": "2.25"}}, {"model": "checkout.orderlineitem", "pk": 48, "fields": {"order": 44, "product": 2, "quantity": 1, "lineitem_total": "2.25"}}, {"model": "checkout.orderlineitem", "pk": 49, "fields": {"order": 45, "product": 1, "quantity": 1, "lineitem_total": "2.25"}}, {"model": "checkout.orderlineitem", "pk": 50, "fields": {"order": 46, "product": 1, "quantity": 1, "lineitem_total": "2.25"}}, {"model": "checkout.orderlineitem", "pk": 51, "fields": {"order": 46, "product": 45, "quantity": 2, "lineitem_total": "35.90"}}, {"model": "checkout.orderlineitem", "pk": 52, "fields": {"order": 47, "product": 1, "quantity": 1, "lineitem_total": "2.25"}}, {"model": "checkout.orderlineitem", "pk": 53, "fields": {"order": 47, "product": 45, "quantity": 2, "lineitem_total": "35.90"}}, {"model": "checkout.orderlineitem", "pk": 54, "fields": {"order": 48, "product": 15, "quantity": 1, "lineitem_total": "1.95"}}, {"model": "checkout.orderlineitem", "pk": 55, "fields": {"order": 49, "product": 42, "quantity": 1, "lineitem_total": "3.99"}}, {"model": "checkout.orderlineitem", "pk": 56, "fields": {"order": 50, "product": 42, "quantity": 5, "lineitem_total": "19.95"}}, {"model": "checkout.orderlineitem", "pk": 57, "fields": {"order": 51, "product": 42, "quantity": 2, "lineitem_total": "7.98"}}, {"model": "checkout.orderlineitem", "pk": 58, "fields": {"order": 52, "product": 1, "quantity": 1, "lineitem_total": "2.25"}}, {"model": "checkout.orderlineitem", "pk": 59, "fields": {"order": 53, "product": 2, "quantity": 1, "lineitem_total": "2.25"}}, {"model": "checkout.orderlineitem", "pk": 60, "fields": {"order": 54, "product": 2, "quantity": 1, "lineitem_total": "2.25"}}, {"model": "checkout.orderlineitem", "pk": 61, "fields": {"order": 55, "product": 13, "quantity": 1, "lineitem_total": "1.95"}}, {"model": "profiles.userprofile", "pk": 3, "fields": {"user": 4, "default_phone_number": "0624261850", "default_street_address1": "Marco Poloroute", "default_street_address2": "109", "default_town_or_city": "Almere Poort", "default_county": "Netherlands", "default_postcode": "1363LA", "default_country": "NL"}}, {"model": "profiles.userprofile", "pk": 4, "fields": {"user": 5, "default_phone_number": null, "default_street_address1": null, "default_street_address2": null, "default_town_or_city": null, "default_county": null, "default_postcode": null, "default_country": null}}, {"model": "blog.category", "pk": 1, "fields": {"title": "Shakira", "slug": "y"}}, {"model": "blog.category", "pk": 2, "fields": {"title": "A children's party is fun together with a ball pit..", "slug": "y"}}, {"model": "blog.post", "pk": 1, "fields": {"category": 1, "title": "A special dinner party? Choose Fancy Day Design", "slug": "y", "intro": "This is great", "article": "Make a booking easily", "image": "about_ffd.jpeg", "date_added": "2021-10-31T23:57:53.042Z"}}, {"model": "blog.post", "pk": 2, "fields": {"category": 1, "title": "A children's party is fun together with a ball pit", "slug": "i", "intro": "Do you choose a simple theme or do you go all out. It's all possible at Fancy Day Design", "article": "Elenor's first Bday Party", "image": "IMG_2206.jpg", "date_added": "2021-11-01T00:19:53.075Z"}}, {"model": "blog.post", "pk": 4, "fields": {"category": 1, "title": "Wedding decoration", "slug": "3", "intro": "Wedding balloon decoration", "article": "Everything is ready, but something is still missing. The 'finishing touch'... The decoration! By decorating you can put your own stamp on the wedding day, so that it really becomes your day. Whether you hire a company for styling or do it yourself, here you will find tips and ideas for every budget.", "image": "IMG_06F65E833F94-1.jpeg", "date_added": "2021-11-01T19:43:01.575Z"}}, {"model": "blog.comment", "pk": 1, "fields": {"post": 1, "name": "Tester", "article": "Shakira takes care of everything down to the last detail. Love her working style!!", "date_added": "2021-11-01T00:02:32.899Z"}}]